strategy,total_return,annualized_return,annualized_volatility,sharpe_ratio,max_drawdown
Buy & Hold,7.4867560561906,0.10948402956162417,0.1492215363859303,0.7337012619845076,-0.5078483234553823
Momentum,2.1873285903097464,0.057932561043162245,0.09831353875298753,0.5892633077598562,-0.302515464845889
Mean Reversion,1.4958037122841343,0.04543653299100758,0.11388008438745954,0.39898576854243223,-0.3505716201836422
ML Adaptive,0.8356711669192605,0.02994953509111653,0.10535618850307453,0.2842693487363824,-0.38882857335258936
Oracle,204.28310503134063,0.29521255796283996,0.0882948604049772,3.343485188252235,0.0
